,,log10_nw_pred_err,log10_nw_pred_err,log10_nw_pred_err,log10_nw_pred_err,log10_nw_pred_err,log10_nw_pred_err
,,1,2,3,4,5,6
statistic,source,,,,,,
Variance,DNN,0.04270977243079737,0.10842180370625559,0.052443198610548136,0.12134542304088516,0.044936689073459414,0.026499966091156537
Variance,GPM-Analytical,31.88128234934702,378.4791155646023,178.49602165303872,67.96023610571163,31.030043735761456,52.87673680050281
Variance reduction (%),,99.86603496069326,99.97135329289054,99.9706194019761,99.82144643692507,99.85518328798979,99.94988350701152
IQR,DNN,0.22310059505113933,0.3769623058296614,0.27777783237492115,0.43058799310451734,0.1939959309164747,0.20972499036173486
IQR,GPM-Analytical,7.309684636214769,39.09623339244677,24.059872306689716,8.835821576560598,8.407809384852705,5.297341267214996
